{
    "key": "group_5ac1ef96abbc5",
    "title": "Videos",
    "fields": [
        {
            "key": "field_5ac1ef9d0e585",
            "label": "Enlace video",
            "name": "video",
            "type": "oembed",
            "instructions": "",
            "required": 0,
            "conditional_logic": 0,
            "wrapper": {
                "width": "",
                "class": "",
                "id": ""
            },
            "width": "",
            "height": ""
        }
    ],
    "location": [
        [
            {
                "param": "post_category",
                "operator": "==",
                "value": "category:videos"
            }
        ]
    ],
    "menu_order": 0,
    "position": "normal",
    "style": "default",
    "label_placement": "top",
    "instruction_placement": "label",
    "hide_on_screen": [
        "permalink",
        "excerpt",
        "custom_fields",
        "discussion",
        "comments",
        "revisions",
        "slug",
        "author",
        "format",
        "page_attributes",
        "featured_image",
        "tags",
        "send-trackbacks"
    ],
    "active": 1,
    "description": "",
    "modified": 1522784553
}