{
    "key": "group_5ac32a170bcbc",
    "title": "Noticias",
    "fields": [
        {
            "key": "field_5ac32a3ccb5ae",
            "label": "Contenido",
            "name": "",
            "type": "tab",
            "instructions": "",
            "required": 0,
            "conditional_logic": 0,
            "wrapper": {
                "width": "",
                "class": "",
                "id": ""
            },
            "placement": "top",
            "endpoint": 0
        },
        {
            "key": "field_5ac32b0dcb5b1",
            "label": "Videos o Embeds",
            "name": "",
            "type": "tab",
            "instructions": "",
            "required": 0,
            "conditional_logic": 0,
            "wrapper": {
                "width": "",
                "class": "",
                "id": ""
            },
            "placement": "top",
            "endpoint": 0
        },
        {
            "key": "field_5ac32a50cb5af",
            "label": "Embeds",
            "name": "embeds",
            "type": "wysiwyg",
            "instructions": "Si tienes un embed tipo \"<iframe>....<\/iframe>\" pégalo aquí.",
            "required": 0,
            "conditional_logic": 0,
            "wrapper": {
                "width": "",
                "class": "",
                "id": ""
            },
            "default_value": "",
            "tabs": "text",
            "toolbar": "full",
            "media_upload": 1,
            "delay": 0
        },
        {
            "key": "field_5ac32acecb5b0",
            "label": "Videos",
            "name": "videos",
            "type": "oembed",
            "instructions": "Si quieres compartir un video copia la url aqui",
            "required": 0,
            "conditional_logic": 0,
            "wrapper": {
                "width": "",
                "class": "",
                "id": ""
            },
            "width": "",
            "height": ""
        }
    ],
    "location": [
        [
            {
                "param": "post_category",
                "operator": "==",
                "value": "category:noticias"
            }
        ],
        [
            {
                "param": "post_category",
                "operator": "==",
                "value": "category:featured-home"
            }
        ]
    ],
    "menu_order": 0,
    "position": "acf_after_title",
    "style": "default",
    "label_placement": "top",
    "instruction_placement": "label",
    "hide_on_screen": [
        "permalink",
        "excerpt",
        "custom_fields",
        "discussion",
        "comments",
        "revisions",
        "slug",
        "author",
        "format",
        "page_attributes",
        "tags",
        "send-trackbacks"
    ],
    "active": 1,
    "description": "",
    "modified": 1522784694
}